--insert data into customer   
INSERT INTO usertable.customer(id, customer_since, dob, gender, name, password, phone_number, address, point)
VALUES
(1, '2017-01-07', '1950-05-29', 'F', 'Steven Dickerson', 'na7Q_fDil_', '945-4911-763', '970 Juan Overpass, Tiffanyfurt, Chad', 0),
(2, '2017-01-07', '1950-07-30', 'F', 'Matthew Davis', '(N)1PmhOA4', '340-3558-056', '898 Alex Haven, Fernandezbury, Belarus', 0),
(3, '2017-01-10', '1950-09-30', 'M', 'Scott Ramirez', '10T^h4!e^q', '713-9613-062', '977 Tamara Highway, Cisnerosfort, Panama', 0),
(4, '2017-01-13', '1950-12-01', 'M', 'Ryan Oneal', 'S*RN$3mzDF', '187-8434-370', '168 Morse Avenue, Timothyshire, Bahamas', 0),
(5, '2017-01-15', '1951-02-01', 'M', 'Amanda Williamson', '+(D&Hjchb3', '578-2247-020', '329 Amber Drives, Port Markmouth, Benin', 0),
(6, '2017-01-18', '1951-04-04', 'M', 'John Williams', '%sCuYmp0v2', '193-6631-311', '39 Amanda Trail, North Phillipchester, Christmas Island', 0),
(7, '2017-01-21', '1951-06-05', 'M', 'Sara Rodriguez', '62bInqeq^V', '869-7091-397', '592 Palmer Street, West Edward, Saint Pierre and Miquelon', 0),
(8, '2017-01-24', '1951-08-07', 'M', 'Erin Bruce', '#^1$l2OrW*', '249-8765-441', '633 Felicia Hollow, East Rebeccashire, Mauritania', 0),
(9, '2017-01-26', '1951-10-08', 'M', 'Mary Hudson', '58sgjROH(d', '123-2821-029', '797 Timothy Loaf, Lindsayton, Saint Martin', 0),
(10, '2017-01-29', '1951-12-09', 'F', 'Gregory Harris', 'f4ZoyaUc@e', '936-8426-799', '116 Adams Radial, New Gabrielleton, Korea', 0),
(11, '2017-02-01', '1952-02-09', 'F', 'Robert Ramirez', '1+N1YxDhA@', '784-0213-922', '815 Claudia Mountain, New Robinfort, Libyan Arab Jamahiriya', 0),
(12, '2017-02-04', '1952-04-11', 'F', 'Andrea Nguyen', 'jf6AQfQ_P^', '452-8710-498', '861 Christian Road, New Kathy, Seychelles', 0),
(13, '2017-02-06', '1952-06-12', 'M', 'Nicole Joyce', ')ZA^qQyc8%', '435-2008-700', '604 Joshua Highway, Rojasport, Syrian Arab Republic', 0),
(14, '2017-02-09', '1952-08-13', 'F', 'Mercedes Wong', '%0BTdVeY18', '159-6173-999', '174 Alicia Fork, North Dana, Isle of Man', 0),
(15, '2017-02-12', '1952-10-15', 'F', 'Daniel Parker', 'a0XzoB!y!a', '354-1622-369', '598 Miller Harbors, South John, Singapore', 0),
(16, '2017-02-15', '1952-12-16', 'M', 'Briana Harris', '&PUqGVMRk0', '418-9010-226', '349 Jeremiah Shoals, Alexismouth, Cocos (Keeling) Islands', 0),
(17, '2017-02-17', '1953-02-16', 'M', 'Jennifer Robinson', 'ZB9RY0fq%2', '965-3863-768', '279 Reid Turnpike, Port Anthony, Netherlands Antilles', 0),
(18, '2017-02-20', '1953-04-19', 'F', 'Rodney Alvarado', 'Zg$8Moo*yD', '756-9493-512', '429 Jefferson Streets, Christinaville, Burkina Faso', 0),
(19, '2017-02-23', '1953-06-20', 'M', 'Zachary Case', '(eo2X&mj8F', '399-3597-968', '886 Andrew Coves, Lopezburgh, Hong Kong', 0),
(20, '2017-02-26', '1953-08-21', 'M', 'Matthew Melendez', 'q*#2EwKofH', '480-1351-242', '297 Todd Oval, Lake Rebecca, Myanmar', 0),
(21, '2017-02-28', '1953-10-22', 'M', 'Jane Santana', '^PSSo0VNn9', '778-2025-751', '366 Powers Union, Elizabethchester, Hong Kong', 0),
(22, '2017-03-03', '1953-12-23', 'F', 'Steven Torres', 'uB)%4Lr&!F', '734-5367-075', '315 Betty Hill, New Amyberg, Tonga', 0),
(23, '2017-03-06', '1954-02-24', 'M', 'Eduardo Shannon', 'AC0&Xuao^!', '942-7949-286', '37 Karen Street, North Melindaberg, Taiwan', 0),
(24, '2017-03-09', '1954-04-27', 'M', 'Michael Lopez', 'i4N*XBch^#', '504-5351-048', '288 Carroll Key, New Christopher, Qatar', 0),
(25, '2017-03-11', '1954-06-28', 'M', 'Brittney Gonzalez', 'Ak5o36Gg_7', '928-6921-122', '235 Kyle Roads, West Tamara, Cameroon', 0),
(26, '2017-03-14', '1954-08-29', 'F', 'Joshua Velez', '+$K0faut2W', '123-3819-540', '993 Jacobs Crescent, South Lauraside, Cameroon', 0),
(27, '2017-03-17', '1954-10-30', 'M', 'Natalie Johnson', '(IV(WXpN@9', '635-4667-893', '503 Pham Course, Lake Deborahtown, Belgium', 0),
(28, '2017-03-20', '1954-12-31', 'M', 'Gina Moore', '@NhN(y^n06', '654-7158-968', '406 Raymond Light, Port Laurie, Algeria', 0),
(29, '2017-03-22', '1955-03-03', 'F', 'Jessica Robertson', 'c2207Tiv@)', '746-4869-342', '835 Troy Cliffs, Moorechester, Jersey', 0),
(30, '2017-03-25', '1955-05-05', 'M', 'Douglas Guerrero', '$FXwBo1%A7', '268-1644-710', '941 Cook Trail, North Calvinfort, Sri Lanka', 0),
(31, '2017-03-28', '1955-07-06', 'F', 'Dean Gibson', 'Bm84NeUs#^', '280-0184-259', '474 Steven Shoals, North David, Fiji', 0),
(32, '2017-03-31', '1955-09-06', 'F', 'Alison Robinson', '3^0Rs16Ipw', '471-4272-410', '113 Cory Field, South Debra, Peru', 0),
(33, '2017-04-02', '1955-11-07', 'F', 'Valerie Hutchinson', 'xN+L(7KdOy', '781-6717-855', '796 Thomas Ways, Holmestown, Guam', 0),
(34, '2017-04-05', '1956-01-08', 'M', 'Alejandro Patel', '$7g5Hvu2D1', '451-1761-181', '81 Burnett Oval, Alexanderport, Czech Republic', 0),
(35, '2017-04-08', '1956-03-10', 'M', 'Nicolas Hernandez', 'L#5CHtktW$', '156-2439-228', '268 Brittany Fields, Lake Eduardo, El Salvador', 0),
(36, '2017-04-11', '1956-05-11', 'M', 'Ashley Mullins', 'qA52@Meyq_', '092-0579-087', '223 Mcneil Coves, West Paulfurt, Uzbekistan', 0),
(37, '2017-04-13', '1956-07-12', 'M', 'Tiffany Hutchinson', '(R25Du@MLJ', '866-7715-962', '966 Bowman Camp, North Krystal, Peru', 0),
(38, '2017-04-16', '1956-09-13', 'M', 'Ethan Little', '7#hr1MfbSk', '386-0492-637', '58 Alexander Landing, West Kimberly, Estonia', 0),
(39, '2017-04-19', '1956-11-14', 'M', 'Darrell Nunez', '*FHjD)UY^3', '966-5999-324', '173 Charles Road, South Christopherville, Ghana', 0),
(40, '2017-04-22', '1957-01-15', 'F', 'Karen Stephenson PhD', 'll5D5m^kF*', '124-2493-429', '716 Molly Radial, Aguilarstad, Sierra Leone', 0),
(41, '2017-04-25', '1957-03-18', 'F', 'Michelle Ferguson', 'R%)1Rvi1Y4', '371-8687-735', '567 Richard Village, Lake Toni, Rwanda', 0),
(42, '2017-04-27', '1957-05-19', 'M', 'Jill Sims', '$0w3NTwq_&', '542-5408-703', '952 Annette Shores, South James, Bahamas', 0),
(43, '2017-04-30', '1957-07-20', 'M', 'Megan Cain', 'Q!!1UuqsOT', '944-2712-989', '989 Amanda Circle, Lake Tamaraport, Serbia', 0),
(44, '2017-05-03', '1957-09-20', 'F', 'Rose Stout', 'PXw98nBa+m', '849-1963-020', '881 Nolan Landing, South Megan, Philippines', 0),
(45, '2017-05-06', '1957-11-22', 'M', 'Christina Simmons', '1$8JEnhJ@Y', '042-2565-701', '773 Monica Grove, Thompsonberg, Costa Rica', 0),
(46, '2017-05-08', '1958-01-23', 'F', 'Jeffrey Coleman', '15Hhf^Ay@l', '154-4279-436', '661 Krystal Alley, Rodriguezton, United States Minor Outlying Islands', 0),
(47, '2017-05-11', '1958-03-26', 'F', 'Alexander Rollins', '(93L+Qs#*3', '601-2456-555', '937 Ryan Isle, Vincentside, French Polynesia', 0),
(48, '2017-05-14', '1958-05-27', 'M', 'Thomas Chang', '^Vo21bFon1', '100-7313-308', '341 Smith Pass, Churchberg, Canada', 0),
(49, '2017-05-17', '1958-07-28', 'M', 'Todd Garza', 'S&+b8SPd^T', '993-5712-934', '631 Perry Wall, Denisetown, Bulgaria', 0),
(50, '2017-05-19', '1958-09-28', 'M', 'Kayla Pennington', '@s&3KOxden', '172-5158-058', '464 Edwards Pike, Stewartview, Vanuatu', 0),
(51, '2017-05-22', '1958-11-29', 'F', 'Gary Yoder', 'nN^430Zd*G', '330-9116-783', '540 Hansen Manor, Matthewstad, Samoa', 0),
(52, '2017-05-25', '1959-01-30', 'F', 'Ryan Garrison', 'd#z0Xvn3&j', '143-8063-412', '243 David Ridges, Tannerville, United Arab Emirates', 0),
(53, '2017-05-28', '1959-04-03', 'M', 'Robert Clarke', '$d9v3D*b^y', '264-4302-557', '482 Randolph Ramp, Brownchester, Afghanistan', 0),
(54, '2017-05-30', '1959-06-04', 'M', 'Gloria Hill', 'psc_FzBW*0', '161-6470-193', '477 Wall Branch, East Christopherville, Portugal', 0),
(55, '2017-06-02', '1959-08-05', 'F', 'Edwin Sanchez', 'L*A5QDsB%b', '610-0486-121', '207 Duncan Park, Phillipberg, Cyprus', 0),
(56, '2017-06-05', '1959-10-06', 'F', 'Molly Lee', '*abW0T3yWp', '523-1054-578', '621 Barnes Port, Lucasberg, Mexico', 0),
(57, '2017-06-08', '1959-12-07', 'M', 'Clayton Brooks', 'Q@nmA4TzQG', '516-9276-593', '511 Tanya Mall, Johnstad, Djibouti', 0),
(58, '2017-06-10', '1960-02-07', 'M', 'Kristen Ortiz', '_ab4Nkr_$n', '123-3351-682', '719 Whitney Cove, Garystad, Hungary', 0),
(59, '2017-06-13', '1960-04-09', 'M', 'Evan Holmes', '(4s^9ZNjY2', '643-3178-853', '379 Trevor Corners, Port Brandontown, Holy See (Vatican City State)', 0),
(60, '2017-06-16', '1960-06-11', 'M', 'Paige Pearson', 'J2I2Hvv%#O', '399-4456-042', '907 Stephen Shoals, East Amandaville, Belize', 0),
(61, '2017-06-19', '1960-08-12', 'F', 'Jonathan Jimenez', 'x7CQyKt9#H', '179-9574-506', '291 Anderson Bridge, Paulborough, Botswana', 0),
(62, '2017-06-21', '1960-10-13', 'F', 'Dr. Charles Thomas', 'Z(5A2cMvr&', '875-6985-650', '547 Alicia Route, Jacksonview, Bhutan', 0),
(63, '2017-06-24', '1960-12-14', 'F', 'Victoria Lynn', '_3lZGntvN4', '309-2360-347', '411 Leslie Place, Amandaberg, Yemen', 0),
(64, '2017-06-27', '1961-02-14', 'F', 'Jack Vazquez', '8!HXw$Jh*m', '592-4299-562', '346 Bennett Summit, Daisyside, Chile', 0),
(65, '2017-06-30', '1961-04-17', 'M', 'Cassandra Moran', '&8I3HJkI!9', '816-4081-063', '966 Coleman Hill, Reedmouth, Vanuatu', 0),
(66, '2017-07-02', '1961-06-18', 'M', 'Amanda Johnson', 'l&6%4Dp6In', '504-3205-396', '874 Baker Lake, Drakefurt, Pakistan', 0),
(67, '2017-07-05', '1961-08-19', 'M', 'Natasha Barnes', 'J22MAih_@3', '985-0478-596', '24 Jeffrey Flat, Nguyenfort, Uruguay', 0),
(68, '2017-07-08', '1961-10-21', 'F', 'Wesley Patel', '@4IQ0qkY&F', '083-7790-526', '307 Moore Mill, New Kevin, Bouvet Island (Bouvetoya)', 0),
(69, '2017-07-11', '1961-12-22', 'M', 'Rhonda Prince', '*EF7*kd$s0', '488-7857-676', '68 Phillips Plain, Dianaborough, Korea', 0),
(70, '2017-07-13', '1962-02-22', 'M', 'Alexander Koch', 'Z_J4UiLp2$', '078-5848-540', '884 Johnson Mill, Samanthastad, Germany', 0),
(71, '2017-07-16', '1962-04-25', 'F', 'Alicia Madden', 'k4hJrd5l)&', '778-9071-408', '284 Richard Parkways, New Paulberg, Argentina', 0),
(72, '2017-07-19', '1962-06-26', 'M', 'Jose White', '5O(Fz2Vj#C', '370-3752-865', '923 Taylor Spur, North Lisaberg, Kenya', 0),
(73, '2017-07-22', '1962-08-27', 'F', 'Jeremy Jones', '+9H8QC%h3$', '569-6570-706', '422 Cynthia Loop, East Nicholasport, Bangladesh', 0),
(74, '2017-07-24', '1962-10-28', 'F', 'Edward Ford', '#3HXnwcdog', '689-5063-099', '730 Gabrielle Walks, Obrienside, Hong Kong', 0),
(75, '2017-07-27', '1962-12-30', 'M', 'Martin Mitchell', 'HO%4Ag9L&b', '642-6665-866', '259 Wall Village, Lake Meghan, Myanmar', 0),
(76, '2017-07-30', '1963-03-02', 'M', 'Chad Valenzuela', 'htwm67Gzr_', '355-2015-018', '582 Li Inlet, New Brianbury, French Guiana', 0),
(77, '2017-08-02', '1963-05-03', 'F', 'Earl Matthews', '*lPcFJ3U)1', '331-2175-091', '537 Gonzalez Squares, Lake Andrewstad, Uzbekistan', 0),
(78, '2017-08-05', '1963-07-04', 'M', 'David Ware', '_G&LtCdn+9', '038-9315-954', '133 Foster Mountain, Katrinahaven, Austria', 0),
(79, '2017-08-07', '1963-09-04', 'F', 'Kenneth Jackson', 'ugoX1NGE+9', '782-0497-429', '141 Steven Gardens, Coxfurt, Montserrat', 0),
(80, '2017-08-10', '1963-11-05', 'F', 'Shannon Long', '_XRuFgpRc6', '311-7969-411', '964 Wallace Bridge, Cynthiaburgh, Fiji', 0),
(81, '2017-08-13', '1964-01-06', 'M', 'Courtney Rowland', '#_aWXueD9Q', '631-4695-907', '791 Soto Ports, Brandonview, Netherlands Antilles', 0),
(82, '2017-08-16', '1964-03-08', 'F', 'Maria Ruiz', 'HLYQH%Cu!5', '327-8352-309', '849 Crawford Fall, Williamside, United Kingdom', 0),
(83, '2017-08-18', '1964-05-10', 'F', 'Diane Thomas', '&5MAahfPyD', '032-4794-430', '456 Andrew Hill, Melissashire, Ukraine', 0),
(84, '2017-08-21', '1964-07-11', 'M', 'Andrew Young', 'FaEY_jh+!1', '683-9926-469', '718 Yvonne Unions, North Anthonyview, Ecuador', 0),
(85, '2017-08-24', '1964-09-11', 'M', 'Anna Leon', '#o11IZUE14', '401-0919-135', '34 Hanson Mountain, Lake Coryville, Yemen', 0),
(86, '2017-08-27', '1964-11-12', 'M', 'David Mckinney', 'R4LfFPKw&^', '175-8022-596', '629 Megan Extensions, New Cynthia, Senegal', 0),
(87, '2017-08-29', '1965-01-13', 'M', 'Ann Lane', '$9vkTjO!ij', '176-3564-102', '216 Carson Glen, Hernandeztown, Germany', 0),
(88, '2017-09-01', '1965-03-16', 'M', 'Vanessa Smith', 'R!3NmoiLw6', '896-7583-627', '505 Daryl Ridges, East John, Somalia', 0),
(89, '2017-09-04', '1965-05-17', 'F', 'Andrew Mercado', '%8RDoChyjw', '630-6110-330', '747 John Skyway, Wilsonport, Guinea', 0),
(90, '2017-09-07', '1965-07-19', 'F', 'John Brown', 'j%C7T5i7Qr', '488-6721-776', '152 Carol Lodge, West Jasmineside, Cook Islands', 0),
(91, '2017-09-09', '1965-09-19', 'M', 'Joe Brown', 'U(at6U(f1^', '424-4997-060', '606 Jenkins Park, East Amber, Tokelau', 0),
(92, '2017-09-12', '1965-11-20', 'F', 'Nathaniel Peterson', 'y%7#6Fo^!Q', '869-2711-311', '851 Burns Fields, Larsonland, Gabon', 0),
(93, '2017-09-15', '1966-01-21', 'F', 'Angie Cobb', '1u!#IheH(e', '901-9828-203', '381 Jared Isle, South Heather, United States Minor Outlying Islands', 0),
(94, '2017-09-18', '1966-03-24', 'F', 'Jennifer Hatfield', '0y3L95vGh*', '449-2657-545', '39 Griffin Court, Josefurt, Czech Republic', 0),
(95, '2017-09-20', '1966-05-25', 'F', 'Larry Snyder', 'FJ2Ve*kB9*', '662-3864-097', '468 Roth Vista, Saundersstad, North Macedonia', 0),
(96, '2017-09-23', '1966-07-26', 'F', 'Stephanie Bryant', '1E7eNx4g)c', '868-0431-295', '470 Moore Passage, New Shelby, Seychelles', 0),
(97, '2017-09-26', '1966-09-26', 'M', 'Brianna Shepherd', '(C8FSoIkq7', '644-4858-131', '464 Mclaughlin Street, Lake Tammie, Norfolk Island', 0),
(98, '2017-09-29', '1966-11-28', 'M', 'John Ramirez', '4$$p)6Z5jr', '352-2421-722', '851 Vickie Ramp, Perezbury, Mexico', 0),
(99, '2017-10-01', '1967-01-29', 'F', 'Thomas Owens', '^E+i27Cx7L', '114-4699-831', '990 Ellis Squares, South Morganmouth, Svalbard & Jan Mayen Islands', 0),
(100, '2017-10-04', '1967-04-01', 'F', 'Joy Stone', '+4YwDwJ3Cp', '461-0062-844', '530 Gilmore Mission, Gabrielleside, Wallis and Futuna', 0);

--insert data into employee
INSERT INTO usertable.employee(id, dob, gender, start_date, name, password, phone_number, address, position, unit_salary, total_salary)
VALUES
(1, '1997-04-11', 'F', '2007-10-24', 'Marny Hermione', ')2IgEq7jz6', '750-5634-207', '78 Chen Extensions, Williamtown', 'Store Manager', 29000, 0),
(2, '2001-12-31', 'M', '2003-07-03', 'Chelsea Claudia', '!+5Q14_o15', '506-9874-305', '83 Ramirez Freeway, North Elizabeth', 'Store Manager', 29000, 0),
(3, '1996-09-17', 'F', '2008-04-02', 'Alec Isadora', 'o#2c+4Erqa', '290-4663-593', '31 Spencer Prairie, Lake Adam', 'Cashier', 30000, 0),
(4, '1998-12-30', 'M', '2016-07-24', 'Xena Rahim', 'UF69V5Ui+1', '701-3869-612', '5 Kimberly Fork, Johnfurt', 'Cashier', 30000, 0),
(5, '1999-01-01', 'F', '2003-10-18', 'Kelsey Cameron', '%ZBX(1$yV7', '994-5994-058', '9 Kristine Light, North Mary', 'Cashier', 30000, 0),
(6, '1990-11-21', 'F', '2005-02-09', 'Hamilton Emi', 'W6Jd5MKq%H', '111-6910-407', '98 Gordon Mission, North Christian', 'Cashier', 30000, 0),
(7, '2001-09-21', 'F', '2013-09-09', 'Caldwell Veda', 'H%r8I_p6^N', '540-6120-869', '52 Larson Light, Thomasport', 'Barista', 32000, 0),
(8, '1990-03-31', 'F', '2016-12-10', 'Ima Winifred', 'H*^&3HPg20', '468-3048-475', '36 Humphrey Manors, South Dennisbury', 'Barista', 32000, 0),
(9, '1993-07-23', 'F', '2009-06-17', 'Ruth Leslie', 'QI)7RJm)mZ', '662-2943-853', '75 Joseph Ferry, East Jessica', 'Barista', 32000, 0),
(10, '1990-08-30', 'F', '2006-03-25', 'Britanni Jorden', ')2HUZN*9&b', '926-7166-526', '40 Taylor Creek, Port Timothy', 'Barista', 32000, 0),
(11, '2000-02-01', 'F', '2009-12-11', 'Berk Derek', '^gina3Ln%9', '101-8188-402', '65 Brandt Knoll, Hayesstad', 'Waiter', 29000, 0),
(12, '1997-10-02', 'M', '2010-06-05', 'Damon Sasha', '*DVqq0Lry*', '061-3900-844', '9 Johnston Knoll, North Sharonfurt', 'Waiter', 29000, 0),
(13, '1990-12-27', 'F', '2014-05-09', 'Remedios Mari', '@on0K(ma1v', '954-0299-125', '52 Angel Valley, Campbellmouth', 'Waiter', 29000, 0),
(14, '1998-06-27', 'F', '2006-03-30', 'Reed Eve', '^+Pbn36W9B', '478-8241-484', '89 Tim Glen, Collinsland', 'Waiter', 29000, 0),
(15, '1997-05-29', 'M', '2014-12-05', 'Quail Octavia', 'z&O6cKd_&k', '374-9129-393', '95 Joy Forest, Deborahport', 'Waiter', 29000, 0),
(16, '2001-09-10', 'F', '2005-11-13', 'Ezekiel Rashad', 'mm6BLuee))', '300-5780-292', '98 Brown Island, New Alejandro', 'Waiter', 29000, 0),
(17, '1995-03-07', 'F', '2014-03-12', 'Peter Paloma', 'FaV2wxAo*$', '847-1672-589', '44 Brandon Manors, South Rebecca', 'Waiter', 29000, 0),
(18, '1992-05-01', 'F', '2002-02-13', 'Ronan Magee', '!naWBHMce8', '343-9535-550', '49 Christina Dam, Johnsonborough', 'Waiter', 29000, 0),
(19, '1995-03-05', 'M', '2018-09-29', 'Melodie Mercedes', '*8m0fY0jJs', '676-8824-728', '38 Jennifer Overpass, Barreramouth', 'Waiter', 29000, 0),
(20, '2001-02-12', 'M', '2014-03-03', 'Marny Dennis', '@0XNq4ya@E', '760-1382-151', '29 Ellen Row, Port Garrettview', 'Waiter', 29000, 0),
(21, '1993-08-31', 'F', '2014-03-12', 'Spencer Kimberly', ')t1$1AxUdE', '169-4615-520', '49 Steven Throughway, Farrellbury', 'Waiter', 29000, 0),
(22, '1994-06-21', 'F', '2003-10-18', 'French Barbara', '#z!^V@jx%9', '770-4574-464', '46 Miranda Fords, Lake William', 'Waiter', 29000, 0),
(23, '1990-05-15', 'F', '2015-02-11', 'Noble Valerie', '6qWQHb5u)v', '729-5264-703', '93 Dodson Harbors, Port Mary', 'Waiter', 29000, 0),
(24, '1992-12-13', 'F', '2021-08-03', 'Thompson Daniel', '&)6%$9BtLQ', '319-2589-506', '10 Samantha Circle, South Robertport', 'Waiter', 29000, 0),
(25, '1993-04-16', 'M', '2002-02-13', 'Jackson Brandon', '7i0_W22js*', '238-7136-469', '52 Sims Gardens, Port Michael', 'Waiter', 29000, 0),
(26, '2001-06-17', 'F', '2005-11-13', 'Harmon Joseph', '@0zuOd$EW2', '938-2501-682', '99 Jennifer Fields, Markfort', 'Waiter', 29000, 0),
(27, '1991-04-23', 'F', '2003-02-21', 'Larsen Jason', '^u4cOpQpta', '196-9986-255', '22 Collin Greens, East Brittany', 'Waiter', 29000, 0),
(28, '1994-03-19', 'M', '2005-09-17', 'Brown Jose', '#+Uq%uHNd3', '052-3707-551', '48 Warren Shoals, Rossland', 'Waiter', 29000, 0),
(29, '1999-06-18', 'M', '2015-02-11', 'Thomas DVM Karen', 'QM1Yvz@Qu#', '020-3735-463', '78 Bobby Keys, Tiffanyville', 'Waiter', 29000, 0),
(30, '2001-06-05', 'F', '2013-05-04', 'Barrett Dawn', '^H3DAZEj$6', '349-0577-588', '58 Jessica Radial, Kellyborough', 'Waiter', 29000, 0),
(31, '1993-01-12', 'F', '2018-11-22', 'Blythe Arsenio', 'IR#50PtlhM', '215-4814-729', '3 William Coves, North Katherinemouth', 'Store Manager', 29000, 0),
(32, '1991-03-30', 'F', '2007-01-27', 'Garrett Doris', 'JoLJ4Kd89_', '012-0940-739', '39 Howard Courts, Port Erinberg', 'Store Manager', 29000, 0),
(33, '1998-04-27', 'F', '2017-03-14', 'Aline Melanie', '+41E_fwd4H', '138-0373-169', '6 Marquez Locks, Annaland', 'Cashier', 30000, 0),
(34, '1997-01-01', 'M', '2013-11-11', 'Joelle Christen', '6HAFDh&r(%', '284-6416-937', '64 Judith Orchard, West Phillipborough', 'Cashier', 30000, 0),
(35, '2000-12-15', 'F', '2003-07-31', 'Ainsley Evelyn', 'O(16KukcM$', '300-6416-990', '19 Tracey Trail, Holdenfort', 'Cashier', 30000, 0),
(36, '1992-09-22', 'F', '2014-05-17', 'Joseph Byron', '()65SHro)l', '032-0190-265', '85 Mitchell Common, Reginaldfort', 'Cashier', 30000, 0),
(37, '1995-12-18', 'M', '2016-07-26', 'Orson Benedict', 'K7UFVn3A$G', '013-8628-920', '20 James Flats, Darylland', 'Barista', 32000, 0),
(38, '2000-11-09', 'M', '2005-09-17', 'Amela Chadwick', 't4QN3Oo^^9', '388-3159-500', '60 Andrew Islands, Lake Patricia', 'Barista', 32000, 0),
(39, '2001-12-06', 'F', '2009-07-02', 'Dawn Anthony', '1ZDUpmha@4', '265-5220-518', '3 Alicia Junctions, New Natalie', 'Barista', 32000, 0),
(40, '1998-07-20', 'F', '2005-02-02', 'Alisa Lysandra', '4!2upMsRYx', '260-9212-835', '26 Amanda Loop, Michaelland', 'Barista', 32000, 0),
(41, '1994-10-01', 'F', '2015-02-18', 'Cairo Vaughan', 'n8qSfi#C$f', '013-6397-361', '20 Wells Ranch, Lake Bridget', 'Waiter', 29000, 0),
(42, '1992-07-31', 'F', '2016-02-16', 'Yasir Lillith', '&1eEyisX_N', '543-0915-499', '38 Leslie Hollow, Port Amberberg', 'Waiter', 29000, 0),
(43, '1998-07-08', 'M', '2014-01-07', 'Xavier Zachary', '@D8!Nv9k+2', '679-9431-698', '38 Renee Burg, East Manuel', 'Waiter', 29000, 0),
(44, '1993-01-21', 'M', '2004-04-19', 'Anthony Kaitlin', '#8MNc(5Nz2', '992-4286-136', '70 Keller Wells, Matthewchester', 'Waiter', 29000, 0),
(45, '2001-05-15', 'M', '2015-02-11', 'Hop Bianca', 'uaqCfu59@5', '670-8123-327', '92 Gutierrez Junction, Knightburgh', 'Waiter', 29000, 0),
(46, '2001-11-05', 'M', '2008-10-15', 'Ezekiel Bertha', 'yCkJ!!Hl(0', '089-6822-960', '97 Ramirez Drive, East Paulville', 'Waiter', 29000, 0),
(47, '1991-08-03', 'M', '2016-06-09', 'Vance Samuel', '8kSN^P5l!p', '259-5794-338', '14 William Turnpike, Mitchellview', 'Waiter', 29000, 0),
(48, '2000-01-21', 'F', '2001-10-25', 'Brent Herman', 'LVG7$4KvPg', '941-3779-936', '50 Johnson Path, New Ricardofort', 'Waiter', 29000, 0),
(49, '1990-08-23', 'M', '2001-10-13', 'Adrian Macon', '2&DN2)qR&C', '820-1074-365', '86 Bethany Ridges, Rileyfort', 'Waiter', 29000, 0),
(50, '1991-11-01', 'F', '2011-01-30', 'Kylie Candace', 'e+73AaE4!1', '623-0638-831', '37 Andrew Tunnel, South Jasonton', 'Waiter', 29000, 0),
(51, '1999-04-07', 'M', '2014-05-09', 'Campbell Casey', '*C+)9C#xGc', '101-8127-875', '64 Pierce Cape, Henryside', 'Waiter', 29000, 0),
(52, '1994-06-01', 'M', '2013-05-04', 'Arnold Amy', '0r2yV(i%h$', '428-8072-099', '26 Roth Cliff, South Melissa', 'Waiter', 29000, 0),
(53, '1991-11-17', 'F', '2014-05-09', 'Meyer Gina', 'GdplSWk7#0', '033-5023-952', '27 Delacruz Highway, South Charlesview', 'Waiter', 29000, 0),
(54, '1994-11-01', 'F', '2011-08-03', 'Schneider Christopher', 'N3mvOfJu$h', '523-4946-796', '24 Sutton Centers, Hillland', 'Waiter', 29000, 0),
(55, '1998-02-28', 'F', '2003-07-03', 'Garcia Robin', '#F3Xg7z1cd', '148-9559-683', '32 Roberts Radial, South Alexander', 'Waiter', 29000, 0),
(56, '1993-03-02', 'F', '2007-01-27', 'Nelson Crystal', 'P_u0S3sqff', '035-9754-287', '55 Troy Union, Lopezport', 'Waiter', 29000, 0),
(57, '2000-09-28', 'F', '2005-09-17', 'Walker Sara', '&yMIvL^mH6', '209-8228-540', '5 Mary Point, West Adammouth', 'Waiter', 29000, 0),
(58, '2000-05-02', 'M', '2017-03-14', 'Ward Andrew', 'TLAsft82+2', '504-3834-510', '6 William Gardens, West Steven', 'Waiter', 29000, 0),
(59, '1992-07-26', 'M', '2001-10-13', 'Blair MD James', '@2LiVzT(p7', '787-1384-646', '85 Day Plains, Natalieburgh', 'Waiter', 29000, 0),
(60, '1995-01-09', 'M', '2018-11-22', 'Rodriguez Shane', 'JY1^2!qjd)', '639-7150-841', '10 Steven Court, Kathleenberg', 'Waiter', 29000, 0),
(61, '1990-12-27', 'M', '2015-01-31', 'Tatum Laurel', 'Fj9Lj&Hr7^', '179-7228-233', '87 Rodriguez Mills, Williamfurt', 'Store Manager', 29000, 0),
(62, '1990-02-07', 'M', '2005-05-17', 'Tamekah Maya', 'HlWUR2OeK^', '047-4683-453', '36 Jeffrey Fort, Port Sue', 'Store Manager', 29000, 0),
(63, '1996-03-14', 'F', '2019-03-21', 'Pandora Neville', '0_m6KcTV6!', '577-8164-754', '94 Stout Forest, West Nicole', 'Cashier', 30000, 0),
(64, '2001-11-16', 'F', '2008-06-15', 'Desiree Anika', '*j1eXPNzEy', '578-7518-430', '3 Brandon Summit, Coopertown', 'Cashier', 30000, 0),
(65, '1990-03-11', 'F', '2003-01-31', 'Hope Sheila', '36PFnehW*H', '296-1888-039', '17 Ashley Falls, New Lisachester', 'Cashier', 30000, 0),
(66, '1991-08-07', 'M', '2003-02-21', 'Clare Oscar', '@De2Dm^b&H', '305-6584-724', '21 Norman Glen, Vanessaview', 'Cashier', 30000, 0),
(67, '1997-04-29', 'M', '2013-05-04', 'Gemma Eaton', '@2sPyx15X%', '423-1958-706', '50 Anthony Plain, Port Stephanieside', 'Barista', 32000, 0),
(68, '1995-01-03', 'M', '2015-10-01', 'Dale Joshua', 'FW(H7^HxLa', '894-6739-646', '33 Marc Streets, Crystalberg', 'Barista', 32000, 0),
(69, '1993-01-17', 'M', '2011-08-03', 'Lawrence Roberts', 'Na@25BbQPy', '810-8925-710', '13 Murphy Flat, Sarahfort', 'Barista', 32000, 0),
(70, '1996-09-13', 'F', '2003-08-17', 'Melinda Zeus', 'n_&V6BTcP)', '414-7682-611', '30 Woods Isle, East Juantown', 'Barista', 32000, 0),
(71, '1990-12-06', 'M', '2007-11-11', 'Sawyer Kasper', '70bW!eTh(n', '335-7680-902', '87 Cameron Lake, Meltonburgh', 'Waiter', 29000, 0),
(72, '1998-06-29', 'M', '2005-09-13', 'Ezekiel Griffin', '8arx+Xvw**', '880-8234-707', '35 Carroll Port, Johnfurt', 'Waiter', 29000, 0),
(73, '1994-03-31', 'M', '2015-11-17', 'Coby Shelly', '+*fA5Kqk5W', '904-0913-151', '61 Carter Extensions, North Chelsea', 'Waiter', 29000, 0),
(74, '2000-02-05', 'F', '2011-08-03', 'Miller Thomas', '(TPGfvzbs1', '306-6596-505', '84 Olson Row, Courtneyfurt', 'Waiter', 29000, 0),
(75, '1998-04-03', 'F', '2006-03-30', 'Nelson Paul', 'R%$m+9Gs!6', '237-7316-280', '57 Robert Manors, Port Kristinatown', 'Waiter', 29000, 0),
(76, '1996-01-23', 'F', '2003-01-31', 'Flores Sarah', 'a7olBOYs*h', '094-3565-163', '40 Harding Coves, New Christopherville', 'Waiter', 29000, 0),
(77, '1997-04-26', 'M', '2005-11-13', 'Archer Brittany', '4Kq5FsBf*%', '501-1375-670', '38 Edward Square, North Katrinamouth', 'Waiter', 29000, 0),
(78, '1999-11-16', 'M', '2005-09-17', 'Green Timothy', ')R@N9ntp9p', '321-8311-442', '49 Thompson Harbors, Zimmermanfurt', 'Waiter', 29000, 0),
(79, '1998-03-16', 'M', '2014-05-17', 'Banks Rachel', '^1olGYx$17', '442-3760-587', '48 Ashley Pine, Darrenfurt', 'Waiter', 29000, 0),
(80, '1991-02-05', 'M', '2015-11-17', 'Walker Megan', '(0Ca7GmG(y', '242-1887-064', '31 Jason Landing, New Lori', 'Waiter', 29000, 0),
(81, '1998-06-10', 'M', '2018-04-02', 'Coleman Laurie', '_Z1YJpp))I', '223-4871-465', '92 Elizabeth Avenue, Floydfurt', 'Waiter', 29000, 0),
(82, '1995-09-20', 'M', '2005-11-13', 'Nguyen Eileen', '$G9GKC%ng2', '742-0398-857', '10 Paul Park, West Johnview', 'Waiter', 29000, 0),
(83, '1995-01-03', 'M', '2003-10-18', 'Brown Robin', 'EkF0Voew3^', '578-5016-927', '62 David Cliff, Brandyfurt', 'Waiter', 29000, 0),
(84, '1999-08-25', 'M', '2003-01-31', 'Gallegos Heather', '9+5qGo7k!B', '492-0344-088', '70 Harris Bypass, Johnfurt', 'Waiter', 29000, 0),
(85, '1995-10-08', 'M', '2016-06-09', 'Pearson Courtney', '0$9t7Wt1bM', '625-4298-156', '72 Hawkins Field, North Jack', 'Waiter', 29000, 0),
(86, '1996-12-28', 'M', '2008-10-15', 'Berg Phillip', '0sSAOLdj+8', '063-7660-290', '95 Miller Spurs, Josephfort', 'Waiter', 29000, 0),
(87, '1992-04-27', 'F', '2001-10-13', 'Ramos Stephen', '$*7n+zTsce', '129-5017-447', '71 Dustin Roads, New Garyview', 'Waiter', 29000, 0),
(88, '1998-09-01', 'M', '2011-01-30', 'Obrien Doris', '_CDOz%)Q4d', '244-3658-048', '82 Gonzalez Forest, Veronicachester', 'Waiter', 29000, 0),
(89, '1994-06-01', 'M', '2006-03-25', 'Price Kevin', '&@5mWh8%m)', '169-6922-168', '50 Clark Dam, Christopherport', 'Waiter', 29000, 0),
(90, '1998-03-27', 'M', '2014-03-03', 'Thompson Cameron', 'MR^8OWLh!!', '783-2823-317', '20 Manning Walk, Williamschester', 'Waiter', 29000, 0);

--insert data into gift
INSERT INTO business.gift(id, name, point, is_available)
VALUES
(1, 'Keychain with store logo', 5, B'1'),
(2, 'Document clip engraved with logo', 10, B'1'),
(3, 'Handmade wooden coaster', 15, B'1'),
(4, 'Luxury pen', 20, B'1'),
(5, 'Branded helmet', 25, B'1'),
(6, 'Tote bag with logo', 30, B'1'),
(7, 'Branded t-shirt', 35, B'1'),
(8, 'Scarf or winter beanie', 40, B'1'),
(9, 'Daily planner board', 45, B'1'),
(10, 'Fabric-covered notebook', 50, B'1'),
(11, 'Luxury leather notebook', 55, B'1'),
(12, 'Vintage wooden photo frame', 60, B'1'),
(13, 'Coffee-style desk calendar', 65, B'1'),
(14, 'Relaxing scented candle', 70, B'1'),
(15, 'Small decorative menu board', 75, B'1'),
(16, 'Neck pillow with cafe voucher', 80, B'1'),
(17, 'Unique coffee tablecloth', 85, B'1'),
(18, 'Decorative hanging plant bag', 90, B'1'),
(19, 'Classic style table runner', 95, B'1'),
(20, 'Branded back cushion', 100, B'1'),
(21, 'Spill-proof coffee cup', 105, B'1'),
(22, 'Limited edition sample drink set', 110, B'1'),
(23, 'Phone case with logo', 115, B'1'),
(24, 'Premium towel', 120, B'1'),
(25, 'Office supplies set with logo', 125, B'1'),
(26, 'Shockproof laptop bag', 130, B'1'),
(27, 'Wooden lid jars for coffee beans', 135, B'1'),
(28, 'Cafe-style desk lamp', 140, B'1'),
(29, 'Specialty coffee gift set from various regions', 145, B'1'),
(30, 'Glass coffee cup set', 150, B'1')

--insert data into product
INSERT INTO business.product(id, name, type, unit_price, is_available, description, rating, discount)
VALUES
(1, 'Brazilian - Organic', 'Coffee beans', 14.4, B'1', 'It is like Carnival in a cup. Clean and smooth.', 0, 0),
(2, 'Our Old Time Diner Blend', 'Coffee beans', 14.4, B'1', 'Out packed blend of beans that is reminiscent of the cup of coffee you used to get at a diner.', 0, 0),
(3, 'Espresso Roast', 'Coffee beans', 11.8, B'1', 'Our house blend for a good espresso shot.', 0, 0),
(4, 'Primo Espresso Roast', 'Coffee beans', 16.36, B'1', 'Our primium single source of hand roasted beans.', 0, 0),
(5, 'Columbian Medium Roast', 'Coffee beans', 12.0, B'1', 'A smooth cup of coffee any time of day.', 0, 0),
(6, 'Ethiopia', 'Coffee beans', 16.8, B'1', 'From the home of coffee.', 0, 0),
(7, 'Jamacian Coffee River', 'Coffee beans', 15.8, B'1', 'Ya man, it will start your day off right. ', 0, 0),
(8, 'Civet Cat', 'Coffee beans', 36.0, B'1', 'The most expensive coffee in the world, the cats do all the work. ', 0, 0),
(9, 'Organic Decaf Blend', 'Coffee beans', 18.0, B'1', 'Our blend of hand picked organic beans that have been naturally decaffinated.', 0, 0),
(10, 'Guatemalan Sustainably Grown', 'Coffee beans', 8.0, B'1', 'Green beans you can roast yourself.', 0, 0),
(11, 'Lemon Grass', 'Loose Tea', 7.16, B'1', 'You will think you are Thailand as you sip your cuppa.', 0, 0),
(12, 'Peppermint', 'Loose Tea', 7.16, B'1', 'Cool and refreshing to help calm your nerves.', 0, 0),
(13, 'English Breakfast', 'Loose Tea', 7.16, B'1', 'The traditional cup to start your day.', 0, 0),
(14, 'Earl Grey', 'Loose Tea', 7.16, B'1', 'A full leaf of Orange Pekoe blended with organic oil of bergamot.', 0, 0),
(15, 'Serenity Green Tea', 'Loose Tea', 7.4, B'1', 'Mountain grown and harvested at the optimal time.', 0, 0),
(16, 'Traditional Blend Chai', 'Loose Tea', 7.16, B'1', 'A traditional blend.', 0, 0),
(17, 'Morning Sunrise Chai', 'Loose Tea', 7.6, B'1', 'Fair trade and organic and has a warm finish.', 0, 0),
(18, 'Spicy Eye Opener Chai', 'Loose Tea', 8.76, B'1', 'A spicier blend to awaken your taste buds.', 0, 0),
(19, 'Dark chocolate', 'Packaged Chocolate', 5.12, B'1', 'This drinking chocolate is smooth and creamy.', 0, 0),
(20, 'Sustainably Grown Organic', 'Packaged Chocolate', 6.08, B'1', 'Certified organic containing the highest quality ingredients.', 0, 0),
(21, 'Chili Mayan', 'Packaged Chocolate', 10.66, B'1', 'Fragrant with spices, this is the most flavourful drinking chocolate you will find.', 0, 0),
(22, 'Our Old Time Diner Blend Sm', 'Coffee', 0.4, B'1', 'An honest cup a coffee.', 0, 0),
(23, 'Our Old Time Diner Blend Rg', 'Coffee', 0.5, B'1', 'An honest cup a coffee.', 0, 0),
(24, 'Our Old Time Diner Blend Lg', 'Coffee', 0.6, B'1', 'An honest cup a coffee.', 0, 0),
(25, 'Brazilian Sm', 'Coffee', 0.44, B'1', 'It is like Carnival in a cup. Clean and smooth.', 0, 0),
(26, 'Brazilian Rg', 'Coffee', 0.6, B'1', 'It is like Carnival in a cup. Clean and smooth.', 0, 0),
(27, 'Brazilian Lg', 'Coffee', 0.7, B'1', 'It is like Carnival in a cup. Clean and smooth.', 0, 0),
(28, 'Columbian Medium Roast Sm', 'Coffee', 0.4, B'1', 'A smooth cup of coffee any time of day.', 0, 0),
(29, 'Columbian Medium Roast Rg', 'Coffee', 0.5, B'1', 'A smooth cup of coffee any time of day.', 0, 0),
(30, 'Columbian Medium Roast Lg', 'Coffee', 0.6, B'1', 'A smooth cup of coffee any time of day.', 0, 0),
(31, 'Ethiopia Sm', 'Coffee', 0.44, B'1', 'A bold cup when you want that something extra.', 0, 0),
(32, 'Ethiopia Rg', 'Coffee', 0.6, B'1', 'A bold cup when you want that something extra.', 0, 0),
(33, 'Ethiopia Lg', 'Coffee', 0.7, B'1', 'A bold cup when you want that something extra.', 0, 0),
(34, 'Jamaican Coffee River Sm', 'Coffee', 0.49, B'1', 'Still a front runner for good premium coffee.', 0, 0),
(35, 'Jamaican Coffee River Rg', 'Coffee', 0.62, B'1', 'Still a front runner for good premium coffee.', 0, 0),
(36, 'Jamaican Coffee River Lg', 'Coffee', 0.75, B'1', 'Still a front runner for good premium coffee.', 0, 0),
(37, 'Espresso shot', 'Coffee', 0.6, B'1', 'You will think you are in Venice when you sip this one.', 0, 0),
(38, 'Latte', 'Coffee', 0.75, B'1', 'You will think you are in Venice when you sip this one.', 0, 0),
(39, 'Latte Rg', 'Coffee', 0.85, B'1', 'You will think you are in Venice when you sip this one.', 0, 0),
(40, 'Cappuccino', 'Coffee', 0.75, B'1', 'You will think you are in Venice when you sip this one.', 0, 0),
(41, 'Cappuccino Lg', 'Coffee', 0.85, B'1', 'You will think you are in Venice when you sip this one.', 0, 0),
(42, 'Lemon Grass Rg', 'Tea', 0.63, B'1', 'You will think you are in Thailand.', 0, 0),
(43, 'Lemon Grass Lg', 'Tea', 0.75, B'1', 'You will think you are in Thailand.', 0, 0),
(44, 'Peppermint Rg', 'Tea', 0.63, B'1', 'A cool and refreshing cup.', 0, 0),
(45, 'Peppermint Lg', 'Tea', 0.75, B'1', 'A cool and refreshing cup.', 0, 0),
(46, 'Serenity Green Tea Rg', 'Tea', 0.63, B'1', 'Feel the stress leaving your body.', 0, 0),
(47, 'Serenity Green Tea Lg', 'Tea', 0.75, B'1', 'Feel the stress leaving your body.', 0, 0),
(48, 'English Breakfast Rg', 'Tea', 0.63, B'1', 'The Queen favourite cuppa in the morning.', 0, 0),
(49, 'English Breakfast Lg', 'Tea', 0.75, B'1', 'The Queen favourite cuppa in the morning.', 0, 0),
(50, 'Earl Grey Rg', 'Tea', 0.63, B'1', 'Tradition in a cup.', 0, 0),
(51, 'Earl Grey Lg', 'Tea', 0.75, B'1', 'Tradition in a cup.', 0, 0),
(52, 'Traditional Blend Chai Rg', 'Tea', 0.63, B'1', 'Sit back and think of the tropical breezes.', 0, 0),
(53, 'Traditional Blend Chai Lg', 'Tea', 0.75, B'1', 'Sit back and think of the tropical breezes.', 0, 0),
(54, 'Morning Sunrise Chai Rg', 'Tea', 0.63, B'1', 'Face the morning after your yoga routine.', 0, 0),
(55, 'Morning Sunrise Chai Lg', 'Tea', 1.0, B'1', 'Face the morning after your yoga routine.', 0, 0),
(56, 'Spicy Eye Opener Chai Rg', 'Tea', 0.64, B'1', 'When you need your eyes opened wide.', 0, 0),
(57, 'Spicy Eye Opener Chai Lg', 'Tea', 0.78, B'1', 'When you need your eyes opened wide.', 0, 0),
(58, 'Dark chocolate Rg', 'Drinking Chocolate', 2.63, B'1', 'Slightly bitter, but still very rich. ', 0, 0),
(59, 'Dark chocolate Lg', 'Drinking Chocolate', 3.38, B'1', 'Slightly bitter, but still very rich. ', 0, 0),
(60, 'Sustainably Grown Organic Rg', 'Drinking Chocolate', 2.81, B'1', 'Just pure notes of spice.', 0, 0),
(61, 'Sustainably Grown Organic Lg', 'Drinking Chocolate', 3.56, B'1', 'Just pure notes of spice.', 0, 0),
(62, 'Snow Day Hot Chocolate', 'Drinking Chocolate', 2.25, B'1', 'Added marshmallows for the needed sugar rush.', 0, 0),
(63, 'Carmel syrup', 'Flavours', 0.04, B'1', 'Rich carmel taste', 0, 0),
(64, 'Hazelnut syrup', 'Flavours', 0.04, B'1', 'Bursting with nutty flavour', 0, 0),
(65, 'Sugar Free Vanilla syrup', 'Flavours', 0.04, B'1', 'Our favorite', 0, 0),
(66, 'Pumpkin Spice Latte', 'Coffee', 0.99, B'1', 'Boo, its that time of year again', 0, 0),
(67, 'Pumpkin Spice Latte Lg', 'Coffee', 1.19, B'1', 'Boo, its that time of year again', 0, 0),
(68, 'Happy Holidays hot chocolate', 'Drinking Chocolate', 2.81, B'1', 'Candy cane and hot chocolate, perfect.', 0, 0),
(69, 'Croissant', 'Bakery', 2.11, B'1', 'Flakey and buttery', 0, 0),
(70, 'Cranberry Scone', 'Bakery', 2.11, B'1', 'Like Grandma used to make', 0, 0),
(71, 'Chocolate Croissant', 'Bakery', 2.44, B'1', 'Chocolate flakes', 0, 0),
(72, 'Ginger Scone', 'Bakery', 2.11, B'1', 'Little bit of spice', 0, 0),
(73, 'Almond Croissant', 'Bakery', 2.44, B'1', 'Crunch!', 0, 0),
(74, 'Ginger Biscotti', 'Bakery', 2.28, B'1', 'Crunch!', 0, 0),
(75, 'Hazelnut Biscotti', 'Bakery', 2.28, B'1', 'Crunch!', 0, 0),
(76, 'Chocolate Chip Biscotti', 'Bakery', 2.28, B'1', 'Crunch!', 0, 0),
(77, 'Oatmeal Scone', 'Bakery', 1.95, B'1', 'Grannys fav', 0, 0),
(78, 'Scottish Cream Scone', 'Bakery', 2.93, B'1', 'Old time comfort', 0, 0),
(79, 'Jumbo Savory Scone', 'Bakery', 2.44, B'1', 'Anytime, anywhere', 0, 0),
(80, 'I Need My Bean! Toque', 'Branded', 7.36, B'1', 'keep your head bean warm', 0, 0),
(81, 'I Need My Bean! T-shirt', 'Branded', 8.96, B'1', 'Stylish chic', 0, 0),
(82, 'I Need My Bean! Diner mug', 'Branded', 3.84, B'1', 'Classic', 0, 0),
(83, 'I Need My Bean! Latte cup', 'Branded', 4.48, B'1', 'The cup and saucer set is the perfect way to enjoy your latte at home', 0, 0),
(84, 'Chocolate syrup', 'Flavours', 0.04, B'1', 'Bursting with chocolate flavour', 0, 0),
(85, 'Rio Nights', 'Coffee', 1.2, B'1', '2 shots of Ouro Brasilerio and pure cane sugar syrup', 0, 0),
(86, 'Ouro Brasileiro shot', 'Coffee', 0.6, B'1', 'From Rio', 0, 0),
(87, 'Ouro Brasileiro shot promo', 'Coffee', 0.42, B'1', 'Ouro promo', 0, 0),
(88, 'Ginger Scone promo', 'Bakery', 1.72, B'1', 'Little bit of spice', 0, 0)

--insert data into shift
INSERT INTO business.shift(id, start_time, end_time, hour)
VALUES
(1, '06:00:00', '14:00:00', 8),
(2, '14:00:00', '22:00:00', 8),
(3, '06:00:00', '12:00:00', 6),
(4, '16:00:00', '22:00:00', 6)

--insert data into _order
INSERT INTO business._order(id, customer_id, employee_id, order_time, total_charge)
VALUES
(1, 59, 26, '2024-01-01', 49.56),
(2, 33, 8, '2024-01-02', 44.52),
(3, 49, 43, '2024-01-02', 10.68),
(4, 21, 2, '2024-01-04', 98.8),
(5, 95, 55, '2024-01-11', 60.58),
(6, 66, 20, '2024-01-15', 179.01),
(7, 89, 45, '2024-01-16', 25.92),
(8, 48, 38, '2024-01-18', 3.39),
(9, 22, 86, '2024-01-20', 5.7),
(10, 1, 1, '2024-01-26', 2.25),
(11, 28, 19, '2024-01-27', 247.87),
(12, 71, 86, '2024-01-29', 73.57),
(13, 36, 86, '2024-02-02', 133.41),
(14, 78, 57, '2024-02-09', 67.89),
(15, 52, 4, '2024-02-10', 54.05),
(16, 90, 49, '2024-02-18', 58.2),
(17, 4, 56, '2024-02-23', 31.15),
(18, 15, 83, '2024-02-26', 5.28),
(19, 98, 77, '2024-02-27', 0.7),
(20, 80, 27, '2024-02-28', 24.73),
(21, 77, 53, '2024-03-10', 72.34),
(22, 30, 24, '2024-03-15', 78.0),
(23, 47, 33, '2024-03-27', 76.66),
(24, 22, 81, '2024-03-31', 56.46),
(25, 65, 53, '2024-04-01', 47.45),
(26, 8, 14, '2024-04-03', 1.26),
(27, 60, 67, '2024-04-22', 30.98),
(28, 45, 75, '2024-04-26', 42.4),
(29, 92, 81, '2024-04-26', 59.71),
(30, 42, 79, '2024-04-30', 93.87),
(31, 84, 46, '2024-05-02', 14.09),
(32, 74, 43, '2024-05-04', 1.8),
(33, 38, 34, '2024-05-04', 0.78),
(34, 48, 65, '2024-05-05', 10.6),
(35, 72, 83, '2024-05-12', 1.7),
(36, 10, 32, '2024-06-02', 33.79),
(37, 78, 79, '2024-06-02', 25.29),
(38, 65, 82, '2024-06-03', 17.8),
(39, 41, 6, '2024-06-03', 263.21),
(40, 12, 48, '2024-06-09', 65.62),
(41, 97, 37, '2024-06-09', 57.74),
(42, 72, 4, '2024-06-11', 9.59),
(43, 82, 20, '2024-06-14', 17.69),
(44, 94, 83, '2024-06-17', 5.16),
(45, 63, 35, '2024-06-19', 60.63),
(46, 17, 39, '2024-06-21', 127.45),
(47, 94, 23, '2024-06-24', 26.96),
(48, 21, 12, '2024-06-26', 2.0),
(49, 39, 14, '2024-06-27', 29.95),
(50, 87, 8, '2024-07-01', 33.85),
(51, 51, 5, '2024-07-03', 43.7),
(52, 61, 42, '2024-07-04', 5.96),
(53, 57, 69, '2024-07-06', 11.24),
(54, 3, 24, '2024-07-07', 8.51),
(55, 61, 81, '2024-07-10', 54.56),
(56, 92, 39, '2024-07-11', 36.75),
(57, 59, 24, '2024-07-13', 17.92),
(58, 39, 83, '2024-07-13', 8.93),
(59, 45, 6, '2024-07-19', 16.13),
(60, 31, 17, '2024-07-21', 0.75),
(61, 27, 63, '2024-07-26', 119.58),
(62, 83, 70, '2024-07-27', 10.73),
(63, 50, 78, '2024-08-01', 29.52),
(64, 63, 61, '2024-08-02', 3.0),
(65, 74, 12, '2024-08-03', 144.0),
(66, 11, 60, '2024-08-07', 8.44),
(67, 45, 80, '2024-08-09', 48.26),
(68, 19, 61, '2024-08-09', 77.71),
(69, 37, 67, '2024-08-13', 34.32),
(70, 63, 51, '2024-08-14', 139.67),
(71, 93, 28, '2024-08-16', 3.35),
(72, 98, 36, '2024-08-19', 31.89),
(73, 63, 58, '2024-08-22', 85.47),
(74, 24, 62, '2024-08-27', 88.92),
(75, 86, 5, '2024-08-30', 18.72),
(76, 63, 16, '2024-09-02', 33.41),
(77, 3, 3, '2024-09-12', 19.15),
(78, 59, 54, '2024-09-29', 16.07),
(79, 10, 51, '2024-10-03', 8.58),
(80, 45, 10, '2024-10-10', 29.9),
(81, 10, 60, '2024-10-10', 51.92),
(82, 31, 81, '2024-10-20', 0.63),
(83, 68, 63, '2024-10-25', 29.23),
(84, 53, 57, '2024-10-29', 33.43),
(85, 90, 48, '2024-11-02', 158.49),
(86, 34, 53, '2024-11-03', 45.8),
(87, 78, 58, '2024-11-04', 38.56),
(88, 2, 25, '2024-11-08', 14.86),
(89, 77, 33, '2024-11-22', 88.96),
(90, 35, 36, '2024-11-24', 49.31),
(91, 8, 38, '2024-11-26', 2.11),
(92, 69, 73, '2024-11-27', 154.16),
(93, 10, 71, '2024-11-30', 38.81),
(94, 50, 90, '2024-11-30', 83.54),
(95, 95, 87, '2024-12-02', 88.08),
(96, 50, 4, '2024-12-17', 18.55),
(97, 9, 64, '2024-12-20', 13.56),
(98, 56, 35, '2024-12-24', 48.3),
(99, 3, 48, '2024-12-27', 8.36),
(100, 7, 9, '2024-12-30', 118.94)

--insert data into has
INSERT INTO business.has(_order_id, product_id, quantity, price)
VALUES
(1, 85, 4, 4.8),
(1, 81, 1, 8.96),
(1, 11, 5, 35.8),
(2, 33, 4, 2.8),
(2, 18, 1, 8.76),
(2, 12, 2, 14.32),
(2, 60, 4, 11.24),
(2, 15, 1, 7.4),
(3, 48, 3, 1.89),
(3, 78, 3, 8.79),
(4, 22, 1, 0.4),
(4, 36, 4, 3.0),
(4, 28, 2, 0.8),
(4, 58, 5, 13.15),
(4, 82, 5, 19.2),
(4, 5, 5, 60.0),
(4, 38, 3, 2.25),
(5, 35, 1, 0.62),
(5, 21, 4, 42.64),
(5, 11, 2, 14.32),
(5, 55, 3, 3.0),
(6, 61, 4, 14.24),
(6, 19, 2, 10.24),
(6, 60, 1, 2.81),
(6, 13, 1, 7.16),
(6, 81, 5, 44.8),
(6, 9, 5, 90.0),
(6, 71, 4, 9.76),
(7, 19, 2, 10.24),
(7, 69, 2, 4.22),
(7, 64, 5, 0.2),
(7, 30, 3, 1.8),
(7, 36, 3, 2.25),
(7, 23, 1, 0.5),
(7, 20, 1, 6.08),
(7, 48, 1, 0.63),
(8, 86, 4, 2.4),
(8, 66, 1, 0.99),
(9, 63, 1, 0.04),
(9, 28, 1, 0.4),
(9, 58, 2, 5.26),
(10, 51, 3, 2.25),
(11, 37, 3, 1.8),
(11, 45, 5, 3.75),
(11, 53, 4, 3.0),
(11, 4, 3, 49.08),
(11, 9, 2, 36.0),
(11, 8, 4, 144.0),
(11, 41, 4, 3.4),
(11, 75, 3, 6.84),
(12, 83, 4, 17.92),
(12, 21, 4, 42.64),
(12, 45, 3, 2.25),
(12, 18, 1, 8.76),
(12, 28, 5, 2.0),
(13, 21, 3, 31.98),
(13, 57, 1, 0.78),
(13, 24, 3, 1.8),
(13, 43, 1, 0.75),
(13, 64, 2, 0.08),
(13, 9, 4, 72.0),
(13, 59, 5, 16.9),
(13, 74, 4, 9.12),
(14, 68, 2, 5.62),
(14, 25, 3, 1.32),
(14, 12, 1, 7.16),
(14, 20, 2, 12.16),
(14, 16, 5, 35.8),
(14, 58, 1, 2.63),
(14, 64, 5, 0.2),
(14, 51, 4, 3.0),
(15, 10, 1, 8.0),
(15, 18, 5, 43.8),
(15, 45, 3, 2.25),
(16, 32, 1, 0.6),
(16, 1, 4, 57.6),
(17, 52, 2, 1.26),
(17, 70, 1, 2.11),
(17, 47, 4, 3.0),
(17, 68, 2, 5.62),
(17, 85, 5, 6.0),
(17, 72, 4, 8.44),
(17, 31, 3, 1.32),
(17, 41, 4, 3.4),
(18, 53, 4, 3.0),
(18, 75, 1, 2.28),
(19, 33, 1, 0.7),
(20, 22, 5, 2.0),
(20, 28, 4, 1.6),
(20, 38, 4, 3.0),
(20, 58, 3, 7.89),
(20, 25, 4, 1.76),
(20, 64, 1, 0.04),
(20, 70, 4, 8.44),
(21, 41, 3, 2.55),
(21, 86, 2, 1.2),
(21, 47, 5, 3.75),
(21, 58, 5, 13.15),
(21, 51, 1, 0.75),
(21, 21, 3, 31.98),
(21, 71, 5, 12.2),
(21, 59, 2, 6.76),
(22, 68, 2, 5.62),
(22, 33, 4, 2.8),
(22, 83, 2, 8.96),
(22, 11, 4, 28.64),
(22, 21, 3, 31.98),
(23, 52, 1, 0.63),
(23, 15, 3, 22.2),
(23, 82, 2, 7.68),
(23, 51, 1, 0.75),
(23, 2, 3, 43.2),
(23, 31, 5, 2.2),
(24, 35, 5, 3.1),
(24, 31, 4, 1.76),
(24, 4, 3, 49.08),
(24, 44, 4, 2.52),
(25, 72, 5, 10.55),
(25, 52, 3, 1.89),
(25, 48, 2, 1.26),
(25, 53, 1, 0.75),
(25, 7, 2, 31.6),
(25, 63, 5, 0.2),
(25, 30, 2, 1.2),
(26, 52, 2, 1.26),
(27, 32, 5, 3.0),
(27, 62, 3, 6.75),
(27, 26, 1, 0.6),
(27, 16, 1, 7.16),
(27, 42, 1, 0.63),
(27, 51, 5, 3.75),
(27, 76, 3, 6.84),
(27, 45, 3, 2.25),
(28, 29, 2, 1.0),
(28, 78, 5, 14.65),
(28, 63, 4, 0.16),
(28, 70, 4, 8.44),
(28, 44, 1, 0.63),
(28, 18, 2, 17.52),
(29, 37, 5, 3.0),
(29, 17, 4, 30.4),
(29, 42, 1, 0.63),
(29, 23, 2, 1.0),
(29, 83, 5, 22.4),
(29, 76, 1, 2.28),
(30, 64, 3, 0.12),
(30, 6, 5, 84.0),
(30, 77, 5, 9.75),
(31, 25, 2, 0.88),
(31, 60, 2, 5.62),
(31, 59, 1, 3.38),
(31, 33, 3, 2.1),
(31, 70, 1, 2.11),
(32, 26, 3, 1.8),
(33, 57, 1, 0.78),
(34, 47, 4, 3.0),
(34, 17, 1, 7.6),
(35, 39, 2, 1.7),
(36, 81, 2, 17.92),
(36, 55, 1, 1.0),
(36, 68, 4, 11.24),
(36, 36, 4, 3.0),
(36, 42, 1, 0.63),
(37, 42, 3, 1.89),
(37, 23, 1, 0.5),
(37, 53, 5, 3.75),
(37, 47, 1, 0.75),
(37, 40, 3, 2.25),
(37, 51, 4, 3.0),
(37, 58, 5, 13.15),
(38, 38, 4, 3.0),
(38, 15, 2, 14.8),
(39, 66, 4, 3.96),
(39, 19, 5, 25.6),
(39, 76, 3, 6.84),
(39, 63, 3, 0.12),
(39, 37, 3, 1.8),
(39, 45, 3, 2.25),
(39, 8, 5, 180.0),
(39, 21, 4, 42.64),
(40, 13, 4, 28.64),
(40, 47, 3, 2.25),
(40, 83, 4, 17.92),
(40, 69, 1, 2.11),
(40, 57, 4, 3.12),
(40, 52, 4, 2.52),
(40, 76, 2, 4.56),
(40, 62, 2, 4.5),
(41, 57, 3, 2.34),
(41, 40, 2, 1.5),
(41, 20, 4, 24.32),
(41, 75, 2, 4.56),
(41, 79, 3, 7.32),
(41, 5, 1, 12.0),
(41, 53, 5, 3.75),
(41, 77, 1, 1.95),
(42, 46, 1, 0.63),
(42, 11, 1, 7.16),
(42, 24, 3, 1.8),
(43, 84, 3, 0.12),
(43, 36, 4, 3.0),
(43, 38, 4, 3.0),
(43, 68, 2, 5.62),
(43, 51, 5, 3.75),
(43, 55, 2, 2.0),
(43, 65, 5, 0.2),
(44, 88, 3, 5.16),
(45, 79, 5, 12.2),
(45, 28, 2, 0.8),
(45, 81, 4, 35.84),
(45, 55, 2, 2.0),
(45, 82, 2, 7.68),
(45, 69, 1, 2.11),
(46, 15, 2, 14.8),
(46, 71, 4, 9.76),
(46, 14, 4, 28.64),
(46, 9, 4, 72.0),
(46, 47, 3, 2.25),
(47, 86, 3, 1.8),
(47, 82, 4, 15.36),
(47, 71, 4, 9.76),
(47, 63, 1, 0.04),
(48, 65, 4, 0.16),
(48, 24, 1, 0.6),
(48, 84, 1, 0.04),
(48, 32, 2, 1.2),
(49, 68, 3, 8.43),
(49, 62, 1, 2.25),
(49, 79, 5, 12.2),
(49, 67, 3, 3.57),
(49, 33, 5, 3.5),
(50, 88, 4, 6.88),
(50, 28, 2, 0.8),
(50, 67, 1, 1.19),
(50, 23, 1, 0.5),
(50, 51, 4, 3.0),
(50, 11, 3, 21.48),
(51, 51, 2, 1.5),
(51, 27, 2, 1.4),
(51, 32, 1, 0.6),
(51, 49, 4, 3.0),
(51, 85, 3, 3.6),
(51, 25, 2, 0.88),
(51, 4, 2, 32.72),
(52, 28, 5, 2.0),
(52, 33, 2, 1.4),
(52, 56, 4, 2.56),
(53, 52, 4, 2.52),
(53, 78, 1, 2.93),
(53, 84, 4, 0.16),
(53, 46, 1, 0.63),
(53, 33, 5, 3.5),
(53, 36, 2, 1.5),
(54, 19, 1, 5.12),
(54, 47, 2, 1.5),
(54, 42, 3, 1.89),
(55, 86, 3, 1.8),
(55, 75, 3, 6.84),
(55, 55, 3, 3.0),
(55, 45, 3, 2.25),
(55, 88, 1, 1.72),
(55, 52, 5, 3.15),
(55, 11, 5, 35.8),
(56, 78, 4, 11.72),
(56, 66, 2, 1.98),
(56, 52, 2, 1.26),
(56, 77, 5, 9.75),
(56, 12, 1, 7.16),
(56, 71, 2, 4.88),
(57, 15, 1, 7.4),
(57, 58, 4, 10.52),
(58, 70, 4, 8.44),
(58, 34, 1, 0.49),
(59, 41, 3, 2.55),
(59, 66, 2, 1.98),
(59, 65, 5, 0.2),
(59, 29, 4, 2.0),
(59, 83, 1, 4.48),
(59, 52, 4, 2.52),
(59, 26, 4, 2.4),
(60, 43, 1, 0.75),
(61, 33, 5, 3.5),
(61, 7, 3, 47.4),
(61, 88, 5, 8.6),
(61, 60, 2, 5.62),
(61, 21, 3, 31.98),
(61, 26, 1, 0.6),
(61, 70, 4, 8.44),
(61, 83, 3, 13.44),
(62, 16, 1, 7.16),
(62, 67, 3, 3.57),
(63, 67, 3, 3.57),
(63, 78, 2, 5.86),
(63, 41, 1, 0.85),
(63, 88, 4, 6.88),
(63, 42, 3, 1.89),
(63, 69, 4, 8.44),
(63, 65, 2, 0.08),
(63, 77, 1, 1.95),
(64, 86, 1, 0.6),
(64, 85, 2, 2.4),
(65, 8, 4, 144.0),
(66, 72, 4, 8.44),
(67, 31, 1, 0.44),
(67, 20, 3, 18.24),
(67, 27, 3, 2.1),
(67, 85, 5, 6.0),
(67, 12, 3, 21.48),
(68, 11, 5, 35.8),
(68, 87, 1, 0.42),
(68, 34, 1, 0.49),
(68, 17, 5, 38.0),
(68, 24, 5, 3.0),
(69, 19, 2, 10.24),
(69, 74, 3, 6.84),
(69, 38, 4, 3.0),
(69, 53, 4, 3.0),
(69, 60, 4, 11.24),
(70, 42, 1, 0.63),
(70, 5, 5, 60.0),
(70, 24, 1, 0.6),
(70, 21, 4, 42.64),
(70, 12, 5, 35.8),
(71, 84, 5, 0.2),
(71, 44, 5, 3.15),
(72, 23, 1, 0.5),
(72, 57, 5, 3.9),
(72, 10, 2, 16.0),
(72, 50, 4, 2.52),
(72, 47, 3, 2.25),
(72, 56, 3, 1.92),
(72, 43, 4, 3.0),
(72, 24, 3, 1.8),
(73, 60, 4, 11.24),
(73, 54, 5, 3.15),
(73, 77, 1, 1.95),
(73, 5, 5, 60.0),
(73, 51, 3, 2.25),
(73, 88, 4, 6.88),
(74, 77, 4, 7.8),
(74, 76, 2, 4.56),
(74, 33, 1, 0.7),
(74, 27, 4, 2.8),
(74, 61, 2, 7.12),
(74, 4, 4, 65.44),
(74, 29, 1, 0.5),
(75, 80, 1, 7.36),
(75, 57, 2, 1.56),
(75, 15, 1, 7.4),
(75, 26, 4, 2.4),
(76, 38, 3, 2.25),
(76, 50, 4, 2.52),
(76, 16, 4, 28.64),
(77, 10, 2, 16.0),
(77, 46, 5, 3.15),
(78, 54, 2, 1.26),
(78, 42, 5, 3.15),
(78, 34, 4, 1.96),
(78, 33, 4, 2.8),
(78, 86, 5, 3.0),
(78, 51, 2, 1.5),
(78, 32, 4, 2.4),
(79, 42, 2, 1.26),
(79, 73, 3, 7.32),
(80, 13, 2, 14.32),
(80, 60, 2, 5.62),
(80, 33, 3, 2.1),
(80, 38, 5, 3.75),
(80, 53, 1, 0.75),
(80, 28, 2, 0.8),
(80, 56, 4, 2.56),
(81, 11, 4, 28.64),
(81, 14, 3, 21.48),
(81, 37, 3, 1.8),
(82, 44, 1, 0.63),
(83, 53, 1, 0.75),
(83, 15, 1, 7.4),
(83, 59, 4, 13.52),
(83, 32, 5, 3.0),
(83, 74, 2, 4.56),
(84, 49, 2, 1.5),
(84, 20, 1, 6.08),
(84, 15, 3, 22.2),
(84, 27, 2, 1.4),
(84, 43, 2, 1.5),
(84, 47, 1, 0.75),
(85, 56, 2, 1.28),
(85, 80, 2, 14.72),
(85, 6, 4, 67.2),
(85, 71, 5, 12.2),
(85, 83, 5, 22.4),
(85, 58, 3, 7.89),
(85, 26, 4, 2.4),
(85, 17, 4, 30.4),
(86, 11, 4, 28.64),
(86, 32, 3, 1.8),
(86, 82, 4, 15.36),
(87, 34, 4, 1.96),
(87, 44, 4, 2.52),
(87, 19, 2, 10.24),
(87, 22, 2, 0.8),
(87, 83, 3, 13.44),
(87, 74, 1, 2.28),
(87, 79, 3, 7.32),
(88, 71, 1, 2.44),
(88, 58, 2, 5.26),
(88, 16, 1, 7.16),
(89, 64, 5, 0.2),
(89, 84, 3, 0.12),
(89, 5, 5, 60.0),
(89, 14, 4, 28.64),
(90, 46, 1, 0.63),
(90, 84, 1, 0.04),
(90, 62, 2, 4.5),
(90, 65, 2, 0.08),
(90, 33, 5, 3.5),
(90, 74, 2, 4.56),
(90, 8, 1, 36.0),
(91, 69, 1, 2.11),
(92, 76, 3, 6.84),
(92, 18, 2, 17.52),
(92, 6, 3, 50.4),
(92, 13, 1, 7.16),
(92, 15, 4, 29.6),
(92, 21, 4, 42.64),
(93, 46, 4, 2.52),
(93, 34, 1, 0.49),
(93, 11, 5, 35.8),
(94, 65, 4, 0.16),
(94, 51, 3, 2.25),
(94, 72, 3, 6.33),
(94, 2, 1, 14.4),
(94, 20, 1, 6.08),
(94, 13, 2, 14.32),
(94, 10, 5, 40.0),
(95, 25, 1, 0.44),
(95, 31, 2, 0.88),
(95, 20, 3, 18.24),
(95, 71, 4, 9.76),
(95, 22, 4, 1.6),
(95, 7, 3, 47.4),
(95, 73, 4, 9.76),
(96, 15, 2, 14.8),
(96, 45, 5, 3.75),
(97, 70, 2, 4.22),
(97, 75, 2, 4.56),
(97, 32, 4, 2.4),
(97, 67, 2, 2.38),
(98, 57, 5, 3.9),
(98, 27, 4, 2.8),
(98, 12, 5, 35.8),
(98, 74, 2, 4.56),
(98, 35, 2, 1.24),
(99, 59, 2, 6.76),
(99, 28, 4, 1.6),
(100, 11, 4, 28.64),
(100, 51, 2, 1.5),
(100, 2, 3, 43.2),
(100, 16, 4, 28.64),
(100, 58, 4, 10.52),
(100, 32, 5, 3.0),
(100, 88, 2, 3.44)

--insert data into review
INSERT INTO business.review(customer_id, product_id, score, comment, date)
VALUES
(34, 37, 5, 'This feels like a luxurious treat without the high price.', '2024-01-03'),
(24, 37, 5, 'They have got the recipe down perfectly.', '2024-01-03'),
(30, 15, 2, 'I was hoping for better quality.', '2024-01-04'),
(33, 41, 4, 'Incredible! Every detail was spot on.', '2024-01-13'),
(80, 28, 2, 'I had to add extra seasoning just to finish it.', '2024-01-15'),
(36, 54, 3, 'Not my favorite, but it is worth a try.', '2024-01-19'),
(57, 88, 3, 'A bit too subtle in flavor for my taste.', '2024-01-20'),
(21, 59, 1, 'Had high hopes, but they weren’t met.', '2024-01-26'),
(99, 31, 1, 'Feels like it is missing something important.', '2024-01-26'),
(50, 84, 1, 'This did not work for me at all.', '2024-01-28'),
(24, 24, 3, 'The flavor was fine, though not very exciting.', '2024-02-03'),
(73, 52, 5, 'Packed with flavor! I am already a loyal fan.', '2024-02-06'),
(94, 70, 1, 'Just felt kind of average, not very exciting.', '2024-02-10'),
(49, 37, 2, 'Not what I expected at all.', '2024-02-11'),
(64, 1, 5, 'Such a comforting, well-made product.', '2024-02-11'),
(92, 78, 1, 'I was not impressed with the taste.', '2024-02-15'),
(69, 25, 1, 'Unremarkable and disappointing.', '2024-02-18'),
(39, 57, 5, 'Melt-in-your-mouth goodness. Loved it!', '2024-02-25'),
(33, 63, 5, 'Perfect for any occasion—delicious and satisfying.', '2024-03-09'),
(12, 35, 1, 'It was edible, but not enjoyable.', '2024-03-10'),
(85, 1, 5, 'Everything about this is fantastic.', '2024-03-14'),
(34, 38, 2, 'There is just not much flavor to it.', '2024-03-14'),
(14, 46, 5, 'The taste was vibrant and absolutely perfect.', '2024-03-14'),
(82, 28, 5, 'Full of flavor—exactly what I was craving!', '2024-03-18'),
(7, 38, 1, 'It did not taste fresh to me.', '2024-03-20'),
(55, 75, 3, 'Not my favorite, but it is worth a try.', '2024-03-25'),
(8, 64, 5, 'Perfect blend of flavors—I will definitely be ordering again!', '2024-03-28'),
(61, 54, 5, 'So fresh and flavorful!', '2024-03-31'),
(91, 77, 3, 'Decent taste and quality—solid choice.', '2024-04-01'),
(100, 80, 4, 'An instant favorite! The taste is simply outstanding.', '2024-04-02'),
(41, 2, 4, 'This tastes like it was made with real passion.', '2024-04-04'),
(31, 32, 2, 'Too bland for my taste.', '2024-04-04'),
(44, 65, 2, 'I was not impressed with the taste.', '2024-04-07'),
(94, 59, 2, 'I was disappointed by the quality.', '2024-04-10'),
(51, 83, 2, 'I had to add extra seasoning just to finish it.', '2024-04-15'),
(44, 29, 3, 'Tastes decent, though I have had better.', '2024-04-16'),
(95, 58, 1, 'I was not impressed with the taste.', '2024-04-21'),
(59, 31, 5, 'Such a delightful taste—it is simply addictive.', '2024-05-01'),
(22, 44, 5, 'Amazing! I could have this every day.', '2024-05-01'),
(27, 9, 2, 'I had to add extra seasoning just to finish it.', '2024-05-03'),
(66, 57, 4, 'Melt-in-your-mouth goodness. Loved it!', '2024-05-09'),
(37, 6, 4, 'Very impressed with the quality and flavor!', '2024-05-13'),
(28, 12, 2, 'I found it a bit too sweet.', '2024-05-15'),
(47, 46, 4, 'Pure deliciousness from start to finish.', '2024-05-20'),
(69, 36, 2, 'It did not taste fresh to me.', '2024-05-21'),
(59, 44, 5, 'Incredible! Every detail was spot on.', '2024-05-22'),
(1, 22, 5, 'Perfect blend of flavors—I will definitely be ordering again!', '2024-05-23'),
(83, 11, 2, 'I found it a bit too salty.', '2024-06-04'),
(35, 3, 5, 'This has quickly become my new favorite!', '2024-06-18'),
(51, 16, 2, 'Unremarkable and disappointing.', '2024-06-19'),
(7, 19, 3, 'It is okay for what it is.', '2024-06-30'),
(48, 9, 4, 'Perfect for any occasion—delicious and satisfying.', '2024-07-02'),
(39, 18, 5, 'Exactly what I hoped for—an absolute delight.', '2024-07-03'),
(20, 83, 1, 'I had to add extra seasoning just to finish it.', '2024-07-06'),
(7, 81, 2, 'Unfortunately, I did not enjoy this at all.', '2024-07-08'),
(53, 69, 4, 'Full marks for flavor and presentation.', '2024-07-12'),
(76, 24, 3, 'A reliable choice if you do not want to experiment.', '2024-07-15'),
(9, 5, 2, 'I was hoping for better quality.', '2024-07-17'),
(98, 67, 3, 'It is decent, though nothing to rave about.', '2024-07-17'),
(11, 60, 2, 'Not worth the price, in my opinion.', '2024-07-21'),
(77, 21, 3, 'Not bad, though it could use a bit more seasoning.', '2024-07-25'),
(20, 73, 1, 'The texture was off, and it did not taste great.', '2024-07-27'),
(29, 56, 5, 'Incredible! Every detail was spot on.', '2024-07-31'),
(4, 77, 4, 'I am in love with this! Perfect in every way.', '2024-08-05'),
(66, 74, 4, 'The flavors are so well balanced and rich.', '2024-08-07'),
(9, 54, 4, 'It is so rich in flavor, I can not stop raving about it.', '2024-08-10'),
(28, 34, 1, 'This did not work for me at all.', '2024-08-11'),
(74, 85, 3, 'Good value for the price, but could use a little more flavor.', '2024-08-29'),
(65, 36, 1, 'Not a fan—just did not taste good.', '2024-09-06'),
(54, 9, 4, 'I am obsessed! Will be recommending to everyone.', '2024-09-12'),
(66, 24, 2, 'Too bland for my taste.', '2024-09-14'),
(52, 60, 1, 'I found it a bit too sweet.', '2024-09-29'),
(52, 29, 5, 'This product is a total game-changer!', '2024-10-02'),
(90, 37, 4, 'It is clear a lot of thought went into making this taste amazing.', '2024-10-08'),
(59, 21, 3, 'Average taste, but good for the price.', '2024-10-15'),
(19, 26, 4, 'Perfectly seasoned and oh so tasty!', '2024-10-17'),
(71, 48, 3, 'It is enjoyable, but nothing exceptional.', '2024-10-19'),
(52, 77, 2, 'I found it a bit too sweet.', '2024-10-21'),
(96, 70, 5, 'This tastes like it was made with real passion.', '2024-10-24'),
(1, 88, 3, 'Tasted fresh, though a bit bland.', '2024-10-25'),
(52, 9, 2, 'Too bland for my taste.', '2024-10-27'),
(63, 78, 2, 'Too bland for my taste.', '2024-11-06'),
(71, 14, 1, 'There was not much to like here, honestly.', '2024-11-12'),
(28, 41, 1, 'Not my favorite—just felt a bit underwhelming.', '2024-11-14'),
(39, 71, 5, 'Such a delightful surprise—would definitely recommend.', '2024-11-16'),
(4, 33, 2, 'Had high hopes, but they weren’t met.', '2024-11-18'),
(100, 69, 3, 'A reliable choice if you do not want to experiment.', '2024-11-21'),
(21, 67, 2, 'Did not really satisfy my craving.', '2024-11-22'),
(78, 75, 3, 'Good value for the price, but could use a little more flavor.', '2024-11-28'),
(58, 9, 5, 'An instant favorite! The taste is simply outstanding.', '2024-12-03'),
(48, 14, 5, 'Full marks for flavor and presentation.', '2024-12-06'),
(84, 10, 2, 'I was disappointed by the quality.', '2024-12-06'),
(39, 88, 3, 'It is a good choice if you want something simple.', '2024-12-11'),
(78, 50, 4, 'Such a delightful taste—it is simply addictive.', '2024-12-11'),
(90, 30, 2, 'I found it a bit too salty.', '2024-12-15'),
(6, 66, 2, 'I found it a bit too sweet.', '2024-12-19'),
(70, 28, 1, 'This did not work for me at all.', '2024-12-20'),
(37, 63, 3, 'A simple option, and good if you’re not looking for something intense.', '2024-12-22'),
(29, 76, 5, 'Perfect blend of flavors—I will definitely be ordering again!', '2024-12-25'),
(21, 70, 5, 'Such a delightful taste—it is simply addictive.', '2024-12-27')

--insert data into exchange
INSERT INTO business.exchange(customer_id, gift_id, date, quantity)
VALUES
(33, 1, '2024-01-01', 6),
(52, 4, '2024-01-02', 2),
(60, 3, '2024-01-03', 1),
(41, 8, '2024-01-04', 1),
(41, 10, '2024-01-04', 1),
(42, 9, '2024-01-05', 2),
(17, 14, '2024-01-06', 1),
(45, 8, '2024-01-10', 2),
(77, 1, '2024-01-20', 4),
(69, 1, '2024-02-01', 10)


--insert data into schedule
INSERT INTO business.schedule(employee_id, shift_id, date)
VALUES
(32, 1, '2024-01-01'),
(61, 2, '2024-01-01'),
(4, 1, '2024-01-01'),
(6, 2, '2024-01-01'),
(7, 1, '2024-01-01'),
(10, 2, '2024-01-01'),
(88, 1, '2024-01-01'),
(52, 2, '2024-01-01'),
(60, 3, '2024-01-01'),
(18, 4, '2024-01-01'),
(62, 1, '2024-01-02'),
(61, 2, '2024-01-02'),
(36, 1, '2024-01-02'),
(66, 2, '2024-01-02'),
(70, 1, '2024-01-02'),
(8, 2, '2024-01-02'),
(86, 1, '2024-01-02'),
(87, 2, '2024-01-02'),
(85, 3, '2024-01-02'),
(89, 4, '2024-01-02'),
(32, 1, '2024-01-03'),
(2, 2, '2024-01-03'),
(66, 1, '2024-01-03'),
(5, 2, '2024-01-03'),
(10, 1, '2024-01-03'),
(39, 2, '2024-01-03'),
(59, 1, '2024-01-03'),
(60, 2, '2024-01-03'),
(26, 3, '2024-01-03'),
(76, 4, '2024-01-03'),
(32, 1, '2024-01-04'),
(2, 2, '2024-01-04'),
(65, 1, '2024-01-04'),
(34, 2, '2024-01-04'),
(69, 1, '2024-01-04'),
(8, 2, '2024-01-04'),
(54, 1, '2024-01-04'),
(25, 2, '2024-01-04'),
(28, 3, '2024-01-04'),
(72, 4, '2024-01-04'),
(1, 1, '2024-01-05'),
(31, 2, '2024-01-05'),
(66, 1, '2024-01-05'),
(64, 2, '2024-01-05'),
(10, 1, '2024-01-05'),
(69, 2, '2024-01-05'),
(22, 1, '2024-01-05'),
(52, 2, '2024-01-05'),
(43, 3, '2024-01-05'),
(30, 4, '2024-01-05'),
(1, 1, '2024-01-06'),
(62, 2, '2024-01-06'),
(34, 1, '2024-01-06'),
(4, 2, '2024-01-06'),
(8, 1, '2024-01-06'),
(67, 2, '2024-01-06'),
(47, 1, '2024-01-06'),
(24, 2, '2024-01-06'),
(30, 3, '2024-01-06'),
(42, 4, '2024-01-06'),
(2, 1, '2024-01-07'),
(62, 2, '2024-01-07'),
(3, 1, '2024-01-07'),
(65, 2, '2024-01-07'),
(70, 1, '2024-01-07'),
(67, 2, '2024-01-07'),
(14, 1, '2024-01-07'),
(49, 2, '2024-01-07'),
(25, 3, '2024-01-07'),
(55, 4, '2024-01-07'),
(32, 1, '2024-01-08'),
(2, 2, '2024-01-08'),
(66, 1, '2024-01-08'),
(5, 2, '2024-01-08'),
(7, 1, '2024-01-08'),
(70, 2, '2024-01-08'),
(51, 1, '2024-01-08'),
(87, 2, '2024-01-08'),
(19, 3, '2024-01-08'),
(88, 4, '2024-01-08'),
(2, 1, '2024-01-09'),
(32, 2, '2024-01-09'),
(64, 1, '2024-01-09'),
(35, 2, '2024-01-09'),
(67, 1, '2024-01-09'),
(37, 2, '2024-01-09'),
(29, 1, '2024-01-09'),
(30, 2, '2024-01-09'),
(27, 3, '2024-01-09'),
(14, 4, '2024-01-09'),
(1, 1, '2024-01-10'),
(61, 2, '2024-01-10'),
(33, 1, '2024-01-10'),
(5, 2, '2024-01-10'),
(10, 1, '2024-01-10'),
(69, 2, '2024-01-10'),
(18, 1, '2024-01-10'),
(50, 2, '2024-01-10'),
(44, 3, '2024-01-10'),
(80, 4, '2024-01-10')